client_id,first_name,last_name,eligibility_status,email
780609385,Price,Keeton,false,pkeeton0@bing.com
731874474,Letitia,Rydings,true,lrydings1@privacy.gov.au
830155669,Dorena,Larrad,true,dlarrad2@shinystat.com
378041746,Bond,Fairholme,true,bfairholme3@tripadvisor.com
523226254,Rudyard,Jantzen,false,rjantzen4@upenn.edu
257215971,Robers,Hellin,true,rhellin5@is.gd
943469094,Leonanie,Stebles,false,lstebles6@rambler.ru
195918432,Earvin,Ickeringill,true,eickeringill7@cyberchimps.com
921229233,Katrine,Bowerbank,true,kbowerbank8@buzzfeed.com
678495875,Tasha,Jiroutka,true,tjiroutka9@howstuffworks.com
630919239,Ingram,Santarelli,false,isantarellia@shareasale.com
558379875,Kala,Pammenter,false,kpammenterb@alexa.com
476486218,Christian,Callar,true,ccallarc@shinystat.com
398980222,Wood,Fernely,false,wfernelyd@walmart.com
293688929,Bram,Chart,true,bcharte@tinypic.com
781680829,Julietta,Kipling,true,jkiplingf@photobucket.com
326524808,Olva,Frankiewicz,false,ofrankiewiczg@fda.gov
848253898,Anette,Newlands,true,anewlandsh@imdb.com
560792939,Cullie,Teffrey,true,cteffreyi@vk.com
929439706,Cosetta,Parradice,true,cparradicej@go.com
952908211,Esmeralda,Orhtmann,false,eorhtmannk@usgs.gov
157055907,Nickola,Abrams,true,nabramsl@uiuc.edu
381687139,Seth,Hillam,true,shillamm@amazon.com
742111069,Harrietta,Gristock,true,hgristockn@deliciousdays.com
765526089,Darbee,Iacomi,false,diacomio@lulu.com
695573227,Conni,Davidovic,true,cdavidovicp@meetup.com
244350661,Birk,Lefort,false,blefortq@uiuc.edu
602376269,Salvador,Valentim,false,svalentimr@intel.com
031365135,Adolf,Booij,true,abooijs@cloudflare.com
861043785,Casey,Cargon,true,ccargont@europa.eu
365488115,Jerrome,Blackborne,true,jblackborneu@storify.com
051619509,Maudie,Meeson,false,mmeesonv@howstuffworks.com
633339571,Iain,Mathiasen,false,imathiasenw@tripadvisor.com
508469657,Rosabel,Dubery,true,rduberyx@nationalgeographic.com
189049778,Agosto,McShirrie,false,amcshirriey@biglobe.ne.jp
568138340,Selle,Hasty,true,shastyz@nymag.com
442070127,Charlot,Lago,false,clago10@jiathis.com
440355717,Eben,Newcom,true,enewcom11@reverbnation.com
879751553,Sebastiano,Brigshaw,false,sbrigshaw12@jiathis.com
850039947,Ethyl,Gobeaux,true,egobeaux13@about.me
628497145,Eberhard,Giannotti,false,egiannotti14@mail.ru
515179045,Patten,Foley,true,pfoley15@mail.ru
539314572,Rossie,Brightie,true,rbrightie16@acquirethisname.com
768060715,Micky,Imorts,false,mimorts17@discovery.com
147352224,Shaina,Whiteoak,false,swhiteoak18@usnews.com
255962397,Nilson,Kaminski,false,nkaminski19@bloglovin.com
095582684,Brade,Clitherow,false,bclitherow1a@posterous.com
827906808,Loise,Broker,true,lbroker1b@bloglovin.com
492768421,Philly,Alesin,false,palesin1c@google.de
736381149,Kirsteni,Sertin,true,ksertin1d@amazon.co.jp
